<?xml version="1.0" encoding="UTF-8"?>
<!-- IMPORTANT: This is an internal file that has been generated
     by the Xilinx ISE software.  Any direct editing or
     changes made to this file may result in unpredictable
     behavior or data corruption.  It is strongly advised that
     users do not edit the contents of this file. -->
<DeviceUsageSummary rev="4">
<DesignStatistics TimeStamp="Thu Mar 28 14:00:15 2019"><group name="NetStatistics">
<item name="NumNets_Active" rev="4">
<attrib name="value" value="3584"/></item>
<item name="NumNets_Gnd" rev="4">
<attrib name="value" value="1"/></item>
<item name="NumNets_Vcc" rev="4">
<attrib name="value" value="1"/></item>
<item name="NumNodesOfType_Active_BENTQUAD" rev="4">
<attrib name="value" value="1119"/></item>
<item name="NumNodesOfType_Active_BOUNCEACROSS" rev="4">
<attrib name="value" value="402"/></item>
<item name="NumNodesOfType_Active_BOUNCEIN" rev="4">
<attrib name="value" value="676"/></item>
<item name="NumNodesOfType_Active_BUFGROUT" rev="4">
<attrib name="value" value="6"/></item>
<item name="NumNodesOfType_Active_BUFINP2OUT" rev="4">
<attrib name="value" value="14"/></item>
<item name="NumNodesOfType_Active_CLKPIN" rev="4">
<attrib name="value" value="413"/></item>
<item name="NumNodesOfType_Active_DOUBLE" rev="4">
<attrib name="value" value="5285"/></item>
<item name="NumNodesOfType_Active_GENERIC" rev="4">
<attrib name="value" value="23"/></item>
<item name="NumNodesOfType_Active_GLOBAL" rev="4">
<attrib name="value" value="414"/></item>
<item name="NumNodesOfType_Active_HLONG" rev="4">
<attrib name="value" value="56"/></item>
<item name="NumNodesOfType_Active_HQUAD" rev="4">
<attrib name="value" value="717"/></item>
<item name="NumNodesOfType_Active_INPUT" rev="4">
<attrib name="value" value="936"/></item>
<item name="NumNodesOfType_Active_IOBIN2OUT" rev="4">
<attrib name="value" value="48"/></item>
<item name="NumNodesOfType_Active_IOBOUTPUT" rev="4">
<attrib name="value" value="48"/></item>
<item name="NumNodesOfType_Active_LUTINPUT" rev="4">
<attrib name="value" value="12595"/></item>
<item name="NumNodesOfType_Active_OUTBOUND" rev="4">
<attrib name="value" value="3571"/></item>
<item name="NumNodesOfType_Active_OUTPUT" rev="4">
<attrib name="value" value="3632"/></item>
<item name="NumNodesOfType_Active_PADINPUT" rev="4">
<attrib name="value" value="26"/></item>
<item name="NumNodesOfType_Active_PADOUTPUT" rev="4">
<attrib name="value" value="22"/></item>
<item name="NumNodesOfType_Active_PINBOUNCE" rev="4">
<attrib name="value" value="1534"/></item>
<item name="NumNodesOfType_Active_PINFEED" rev="4">
<attrib name="value" value="13951"/></item>
<item name="NumNodesOfType_Active_SINGLE" rev="4">
<attrib name="value" value="6887"/></item>
<item name="NumNodesOfType_Active_VLONG" rev="4">
<attrib name="value" value="58"/></item>
<item name="NumNodesOfType_Active_VLONG12" rev="4">
<attrib name="value" value="36"/></item>
<item name="NumNodesOfType_Active_VQUAD" rev="4">
<attrib name="value" value="858"/></item>
<item name="NumNodesOfType_Vcc_BOUNCEIN" rev="4">
<attrib name="value" value="1"/></item>
<item name="NumNodesOfType_Vcc_CLKPIN" rev="4">
<attrib name="value" value="2"/></item>
<item name="NumNodesOfType_Vcc_HVCCGNDOUT" rev="4">
<attrib name="value" value="260"/></item>
<item name="NumNodesOfType_Vcc_INPUT" rev="4">
<attrib name="value" value="41"/></item>
<item name="NumNodesOfType_Vcc_IOBIN2OUT" rev="4">
<attrib name="value" value="2"/></item>
<item name="NumNodesOfType_Vcc_IOBOUTPUT" rev="4">
<attrib name="value" value="2"/></item>
<item name="NumNodesOfType_Vcc_LUTINPUT" rev="4">
<attrib name="value" value="804"/></item>
<item name="NumNodesOfType_Vcc_PADINPUT" rev="4">
<attrib name="value" value="2"/></item>
<item name="NumNodesOfType_Vcc_PINBOUNCE" rev="4">
<attrib name="value" value="38"/></item>
<item name="NumNodesOfType_Vcc_PINFEED" rev="4">
<attrib name="value" value="851"/></item>
</group>
<group name="SiteStatistics">
<item name="BUFG-BUFGCTRL" rev="4">
<attrib name="value" value="6"/></item>
<item name="IOB-IOB18" rev="4">
<attrib name="value" value="1"/></item>
<item name="IOB-IOB18M" rev="4">
<attrib name="value" value="14"/></item>
<item name="IOB-IOB18S" rev="4">
<attrib name="value" value="12"/></item>
<item name="IOB33-IOB33M" rev="4">
<attrib name="value" value="10"/></item>
<item name="IOB33-IOB33S" rev="4">
<attrib name="value" value="12"/></item>
<item name="RAMB36E1-RAMBFIFO36E1" rev="4">
<attrib name="value" value="1"/></item>
<item name="SLICEL-SLICEM" rev="4">
<attrib name="value" value="309"/></item>
</group>
<group name="MiscellaneousStatistics">
<item name="AGG_BONDED_IO" rev="3">
<attrib name="value" value="50"/></item>
<item name="AGG_IO" rev="3">
<attrib name="value" value="50"/></item>
<item name="AGG_LOCED_IO" rev="3">
<attrib name="value" value="50"/></item>
<item name="AGG_SLICE" rev="3">
<attrib name="value" value="944"/></item>
<item name="NUM_BONDED_IOB" rev="3">
<attrib name="value" value="27"/></item>
<item name="NUM_BONDED_IOB33" rev="3">
<attrib name="value" value="23"/></item>
<item name="NUM_BSFULL" rev="3">
<attrib name="value" value="876"/></item>
<item name="NUM_BSLUTONLY" rev="3">
<attrib name="value" value="1749"/></item>
<item name="NUM_BSREGONLY" rev="3">
<attrib name="value" value="106"/></item>
<item name="NUM_BSUSED" rev="3">
<attrib name="value" value="2731"/></item>
<item name="NUM_BUFG" rev="3">
<attrib name="value" value="6"/></item>
<item name="NUM_LOCED_IOB" rev="3">
<attrib name="value" value="27"/></item>
<item name="NUM_LOCED_IOB33" rev="3">
<attrib name="value" value="23"/></item>
<item name="NUM_LOGIC_O5ANDO6" rev="3">
<attrib name="value" value="739"/></item>
<item name="NUM_LOGIC_O5ONLY" rev="3">
<attrib name="value" value="64"/></item>
<item name="NUM_LOGIC_O6ONLY" rev="3">
<attrib name="value" value="1781"/></item>
<item name="NUM_LUT_RT_DRIVES_CARRY4" rev="3">
<attrib name="value" value="41"/></item>
<item name="NUM_LUT_RT_EXO6" rev="3">
<attrib name="value" value="40"/></item>
<item name="NUM_LUT_RT_O5ANDO6" rev="3">
<attrib name="value" value="1"/></item>
<item name="NUM_LUT_RT_O6" rev="3">
<attrib name="value" value="64"/></item>
<item name="NUM_RAMB36E1" rev="3">
<attrib name="value" value="1"/></item>
<item name="NUM_SLICEL" rev="3">
<attrib name="value" value="944"/></item>
<item name="NUM_SLICE_CARRY4" rev="3">
<attrib name="value" value="71"/></item>
<item name="NUM_SLICE_CONTROLSET" rev="3">
<attrib name="value" value="121"/></item>
<item name="NUM_SLICE_CYINIT" rev="3">
<attrib name="value" value="3441"/></item>
<item name="NUM_SLICE_F7MUX" rev="3">
<attrib name="value" value="67"/></item>
<item name="NUM_SLICE_FF" rev="3">
<attrib name="value" value="1447"/></item>
<item name="NUM_SLICE_LATCH" rev="3">
<attrib name="value" value="35"/></item>
<item name="NUM_SLICE_UNUSEDCTRL" rev="3">
<attrib name="value" value="541"/></item>
<item name="NUM_UNUSABLE_FF_BELS" rev="3">
<attrib name="value" value="790"/></item>
<item name="Xilinx Core blk_mem_gen_v7_3, Xilinx CORE Generator 14.7" rev="3">
<attrib name="value" value="1"/></item>
<item name="Xilinx Core dist_mem_gen_v7_2, Xilinx CORE Generator 14.7" rev="3">
<attrib name="value" value="1"/></item>
</group>
</DesignStatistics>
<DeviceUsage TimeStamp="Thu Mar 28 14:00:15 2019"><group name="SiteSummary">
<item name="BUFG" rev="4">
<attrib name="total" value="1000000"/><attrib name="used" value="6"/></item>
<item name="BUFG_BUFG" rev="4">
<attrib name="total" value="1000000"/><attrib name="used" value="6"/></item>
<item name="CARRY4" rev="4">
<attrib name="total" value="1000000"/><attrib name="used" value="71"/></item>
<item name="FF_INIT" rev="4">
<attrib name="total" value="1000000"/><attrib name="used" value="508"/></item>
<item name="HARD0" rev="4">
<attrib name="total" value="1000000"/><attrib name="used" value="31"/></item>
<item name="HARD1" rev="4">
<attrib name="total" value="1000000"/><attrib name="used" value="3"/></item>
<item name="IOB" rev="4">
<attrib name="total" value="1000000"/><attrib name="used" value="27"/></item>
<item name="IOB33" rev="4">
<attrib name="total" value="1000000"/><attrib name="used" value="23"/></item>
<item name="IOB33_OUTBUF" rev="4">
<attrib name="total" value="1000000"/><attrib name="used" value="23"/></item>
<item name="IOB_INBUF_EN" rev="4">
<attrib name="total" value="1000000"/><attrib name="used" value="22"/></item>
<item name="IOB_OUTBUF" rev="4">
<attrib name="total" value="1000000"/><attrib name="used" value="5"/></item>
<item name="LUT5" rev="4">
<attrib name="total" value="1000000"/><attrib name="used" value="804"/></item>
<item name="LUT6" rev="4">
<attrib name="total" value="1000000"/><attrib name="used" value="2625"/></item>
<item name="PAD" rev="4">
<attrib name="total" value="1000000"/><attrib name="used" value="50"/></item>
<item name="RAMB36E1" rev="4">
<attrib name="total" value="1000000"/><attrib name="used" value="1"/></item>
<item name="RAMB36E1_RAMB36E1" rev="4">
<attrib name="total" value="1000000"/><attrib name="used" value="1"/></item>
<item name="REG_INIT" rev="4">
<attrib name="total" value="1000000"/><attrib name="used" value="974"/></item>
<item name="SELMUX2_1" rev="4">
<attrib name="total" value="1000000"/><attrib name="used" value="67"/></item>
<item name="SLICEL" rev="4">
<attrib name="total" value="1000000"/><attrib name="used" value="944"/></item>
</group>
</DeviceUsage>
<ReportConfigData TimeStamp="Thu Mar 28 14:00:15 2019"><group name="REG_INIT">
<item name="CK" rev="4">
<attrib name="CK" value="840"/><attrib name="CK_INV" value="134"/></item>
<item name="FFINIT" rev="4">
<attrib name="INIT0" value="915"/><attrib name="INIT1" value="59"/></item>
<item name="FFSR" rev="4">
<attrib name="SRLOW" value="939"/><attrib name="SRHIGH" value="35"/></item>
<item name="LATCH_OR_FF" rev="4">
<attrib name="FF" value="939"/><attrib name="LATCH" value="35"/></item>
<item name="SYNC_ATTR" rev="4">
<attrib name="ASYNC" value="944"/><attrib name="SYNC" value="30"/></item>
</group>
<group name="SLICEL">
<item name="CLK" rev="4">
<attrib name="CLK" value="324"/><attrib name="CLK_INV" value="79"/></item>
</group>
<group name="IOB_INBUF_EN">
<item name="IBUF_LOW_PWR" rev="4">
<attrib name="TRUE" value="22"/></item>
</group>
<group name="SELMUX2_1">
<item name="0" rev="4">
<attrib name="0" value="67"/><attrib name="0_INV" value="0"/></item>
</group>
<group name="FF_INIT">
<item name="CK" rev="4">
<attrib name="CK" value="508"/><attrib name="CK_INV" value="0"/></item>
<item name="FFINIT" rev="4">
<attrib name="INIT0" value="507"/><attrib name="INIT1" value="1"/></item>
<item name="FFSR" rev="4">
<attrib name="SRLOW" value="507"/><attrib name="SRHIGH" value="1"/></item>
<item name="SYNC_ATTR" rev="4">
<attrib name="ASYNC" value="508"/></item>
</group>
<group name="RAMB36E1">
<item name="CLKARDCLKL" rev="4">
<attrib name="CLKARDCLKL" value="0"/><attrib name="CLKARDCLKL_INV" value="1"/></item>
<item name="CLKARDCLKU" rev="4">
<attrib name="CLKARDCLKU_INV" value="1"/><attrib name="CLKARDCLKU" value="0"/></item>
<item name="CLKBWRCLKL" rev="4">
<attrib name="CLKBWRCLKL_INV" value="1"/><attrib name="CLKBWRCLKL" value="0"/></item>
<item name="CLKBWRCLKU" rev="4">
<attrib name="CLKBWRCLKU" value="0"/><attrib name="CLKBWRCLKU_INV" value="1"/></item>
<item name="ENARDENL" rev="4">
<attrib name="ENARDENL_INV" value="0"/><attrib name="ENARDENL" value="1"/></item>
<item name="ENARDENU" rev="4">
<attrib name="ENARDENU_INV" value="0"/><attrib name="ENARDENU" value="1"/></item>
<item name="ENBWRENL" rev="4">
<attrib name="ENBWRENL" value="1"/><attrib name="ENBWRENL_INV" value="0"/></item>
<item name="ENBWRENU" rev="4">
<attrib name="ENBWRENU_INV" value="0"/><attrib name="ENBWRENU" value="1"/></item>
<item name="REGCLKARDRCLKL" rev="4">
<attrib name="REGCLKARDRCLKL_INV" value="1"/><attrib name="REGCLKARDRCLKL" value="0"/></item>
<item name="REGCLKARDRCLKU" rev="4">
<attrib name="REGCLKARDRCLKU" value="0"/><attrib name="REGCLKARDRCLKU_INV" value="1"/></item>
<item name="REGCLKBL" rev="4">
<attrib name="REGCLKBL_INV" value="0"/><attrib name="REGCLKBL" value="1"/></item>
<item name="REGCLKBU" rev="4">
<attrib name="REGCLKBU" value="1"/><attrib name="REGCLKBU_INV" value="0"/></item>
<item name="RSTRAMARSTRAML" rev="4">
<attrib name="RSTRAMARSTRAML_INV" value="0"/><attrib name="RSTRAMARSTRAML" value="1"/></item>
<item name="RSTRAMARSTRAMU" rev="4">
<attrib name="RSTRAMARSTRAMU" value="1"/><attrib name="RSTRAMARSTRAMU_INV" value="0"/></item>
<item name="RSTRAMBL" rev="4">
<attrib name="RSTRAMBL_INV" value="0"/><attrib name="RSTRAMBL" value="1"/></item>
<item name="RSTRAMBU" rev="4">
<attrib name="RSTRAMBU" value="1"/><attrib name="RSTRAMBU_INV" value="0"/></item>
<item name="RSTREGARSTREGL" rev="4">
<attrib name="RSTREGARSTREGL" value="1"/><attrib name="RSTREGARSTREGL_INV" value="0"/></item>
<item name="RSTREGARSTREGU" rev="4">
<attrib name="RSTREGARSTREGU_INV" value="0"/><attrib name="RSTREGARSTREGU" value="1"/></item>
<item name="RSTREGBL" rev="4">
<attrib name="RSTREGBL" value="1"/><attrib name="RSTREGBL_INV" value="0"/></item>
<item name="RSTREGBU" rev="4">
<attrib name="RSTREGBU" value="1"/><attrib name="RSTREGBU_INV" value="0"/></item>
</group>
<group name="RAMB36E1_RAMB36E1">
<item name="CLKARDCLKL" rev="4">
<attrib name="CLKARDCLKL" value="0"/><attrib name="CLKARDCLKL_INV" value="1"/></item>
<item name="CLKARDCLKU" rev="4">
<attrib name="CLKARDCLKU_INV" value="1"/><attrib name="CLKARDCLKU" value="0"/></item>
<item name="CLKBWRCLKL" rev="4">
<attrib name="CLKBWRCLKL_INV" value="1"/><attrib name="CLKBWRCLKL" value="0"/></item>
<item name="CLKBWRCLKU" rev="4">
<attrib name="CLKBWRCLKU" value="0"/><attrib name="CLKBWRCLKU_INV" value="1"/></item>
<item name="DOA_REG" rev="4">
<attrib name="0" value="1"/></item>
<item name="DOB_REG" rev="4">
<attrib name="0" value="1"/></item>
<item name="ENARDENL" rev="4">
<attrib name="ENARDENL_INV" value="0"/><attrib name="ENARDENL" value="1"/></item>
<item name="ENARDENU" rev="4">
<attrib name="ENARDENU_INV" value="0"/><attrib name="ENARDENU" value="1"/></item>
<item name="ENBWRENL" rev="4">
<attrib name="ENBWRENL" value="1"/><attrib name="ENBWRENL_INV" value="0"/></item>
<item name="ENBWRENU" rev="4">
<attrib name="ENBWRENU_INV" value="0"/><attrib name="ENBWRENU" value="1"/></item>
<item name="EN_ECC_READ" rev="4">
<attrib name="FALSE" value="1"/></item>
<item name="EN_ECC_WRITE" rev="4">
<attrib name="FALSE" value="1"/></item>
<item name="EN_PWRGATE" rev="4">
<attrib name="NONE" value="1"/></item>
<item name="RAM_EXTENSION_A" rev="4">
<attrib name="NONE" value="1"/></item>
<item name="RAM_EXTENSION_B" rev="4">
<attrib name="NONE" value="1"/></item>
<item name="RAM_MODE" rev="4">
<attrib name="TDP" value="1"/></item>
<item name="RDADDR_COLLISION_HWCONFIG" rev="4">
<attrib name="DELAYED_WRITE" value="1"/></item>
<item name="READ_WIDTH_A" rev="4">
<attrib name="36" value="1"/></item>
<item name="READ_WIDTH_B" rev="4">
<attrib name="36" value="1"/></item>
<item name="REGCLKARDRCLKL" rev="4">
<attrib name="REGCLKARDRCLKL_INV" value="1"/><attrib name="REGCLKARDRCLKL" value="0"/></item>
<item name="REGCLKARDRCLKU" rev="4">
<attrib name="REGCLKARDRCLKU" value="0"/><attrib name="REGCLKARDRCLKU_INV" value="1"/></item>
<item name="REGCLKBL" rev="4">
<attrib name="REGCLKBL_INV" value="0"/><attrib name="REGCLKBL" value="1"/></item>
<item name="REGCLKBU" rev="4">
<attrib name="REGCLKBU" value="1"/><attrib name="REGCLKBU_INV" value="0"/></item>
<item name="RSTRAMARSTRAML" rev="4">
<attrib name="RSTRAMARSTRAML_INV" value="0"/><attrib name="RSTRAMARSTRAML" value="1"/></item>
<item name="RSTRAMARSTRAMU" rev="4">
<attrib name="RSTRAMARSTRAMU" value="1"/><attrib name="RSTRAMARSTRAMU_INV" value="0"/></item>
<item name="RSTRAMBL" rev="4">
<attrib name="RSTRAMBL_INV" value="0"/><attrib name="RSTRAMBL" value="1"/></item>
<item name="RSTRAMBU" rev="4">
<attrib name="RSTRAMBU" value="1"/><attrib name="RSTRAMBU_INV" value="0"/></item>
<item name="RSTREGARSTREGL" rev="4">
<attrib name="RSTREGARSTREGL" value="1"/><attrib name="RSTREGARSTREGL_INV" value="0"/></item>
<item name="RSTREGARSTREGU" rev="4">
<attrib name="RSTREGARSTREGU_INV" value="0"/><attrib name="RSTREGARSTREGU" value="1"/></item>
<item name="RSTREGBL" rev="4">
<attrib name="RSTREGBL" value="1"/><attrib name="RSTREGBL_INV" value="0"/></item>
<item name="RSTREGBU" rev="4">
<attrib name="RSTREGBU" value="1"/><attrib name="RSTREGBU_INV" value="0"/></item>
<item name="RSTREG_PRIORITY_A" rev="4">
<attrib name="REGCE" value="1"/></item>
<item name="RSTREG_PRIORITY_B" rev="4">
<attrib name="REGCE" value="1"/></item>
<item name="SAVEDATA" rev="4">
<attrib name="FALSE" value="1"/></item>
<item name="WRITE_MODE_A" rev="4">
<attrib name="WRITE_FIRST" value="1"/></item>
<item name="WRITE_MODE_B" rev="4">
<attrib name="WRITE_FIRST" value="1"/></item>
<item name="WRITE_WIDTH_A" rev="4">
<attrib name="36" value="1"/></item>
<item name="WRITE_WIDTH_B" rev="4">
<attrib name="36" value="1"/></item>
</group>
</ReportConfigData>
<ReportPinData TimeStamp="Thu Mar 28 14:00:15 2019"><group name="IOB33_OUTBUF">
<item name="IN" rev="4">
<attrib name="value" value="23"/></item>
<item name="OUT" rev="4">
<attrib name="value" value="23"/></item>
</group>
<group name="REG_INIT">
<item name="CE" rev="4">
<attrib name="value" value="768"/></item>
<item name="CK" rev="4">
<attrib name="value" value="974"/></item>
<item name="D" rev="4">
<attrib name="value" value="974"/></item>
<item name="Q" rev="4">
<attrib name="value" value="974"/></item>
<item name="SR" rev="4">
<attrib name="value" value="737"/></item>
</group>
<group name="SLICEL">
<item name="A" rev="4">
<attrib name="value" value="465"/></item>
<item name="A1" rev="4">
<attrib name="value" value="410"/></item>
<item name="A2" rev="4">
<attrib name="value" value="559"/></item>
<item name="A3" rev="4">
<attrib name="value" value="653"/></item>
<item name="A4" rev="4">
<attrib name="value" value="694"/></item>
<item name="A5" rev="4">
<attrib name="value" value="711"/></item>
<item name="A6" rev="4">
<attrib name="value" value="746"/></item>
<item name="AMUX" rev="4">
<attrib name="value" value="199"/></item>
<item name="AQ" rev="4">
<attrib name="value" value="334"/></item>
<item name="AX" rev="4">
<attrib name="value" value="129"/></item>
<item name="B" rev="4">
<attrib name="value" value="429"/></item>
<item name="B1" rev="4">
<attrib name="value" value="434"/></item>
<item name="B2" rev="4">
<attrib name="value" value="546"/></item>
<item name="B3" rev="4">
<attrib name="value" value="587"/></item>
<item name="B4" rev="4">
<attrib name="value" value="614"/></item>
<item name="B5" rev="4">
<attrib name="value" value="633"/></item>
<item name="B6" rev="4">
<attrib name="value" value="663"/></item>
<item name="BMUX" rev="4">
<attrib name="value" value="210"/></item>
<item name="BQ" rev="4">
<attrib name="value" value="219"/></item>
<item name="BX" rev="4">
<attrib name="value" value="57"/></item>
<item name="C" rev="4">
<attrib name="value" value="287"/></item>
<item name="C1" rev="4">
<attrib name="value" value="356"/></item>
<item name="C2" rev="4">
<attrib name="value" value="457"/></item>
<item name="C3" rev="4">
<attrib name="value" value="536"/></item>
<item name="C4" rev="4">
<attrib name="value" value="557"/></item>
<item name="C5" rev="4">
<attrib name="value" value="574"/></item>
<item name="C6" rev="4">
<attrib name="value" value="603"/></item>
<item name="CE" rev="4">
<attrib name="value" value="243"/></item>
<item name="CIN" rev="4">
<attrib name="value" value="58"/></item>
<item name="CLK" rev="4">
<attrib name="value" value="403"/></item>
<item name="CMUX" rev="4">
<attrib name="value" value="301"/></item>
<item name="COUT" rev="4">
<attrib name="value" value="58"/></item>
<item name="CQ" rev="4">
<attrib name="value" value="227"/></item>
<item name="CX" rev="4">
<attrib name="value" value="107"/></item>
<item name="D" rev="4">
<attrib name="value" value="316"/></item>
<item name="D1" rev="4">
<attrib name="value" value="382"/></item>
<item name="D2" rev="4">
<attrib name="value" value="467"/></item>
<item name="D3" rev="4">
<attrib name="value" value="514"/></item>
<item name="D4" rev="4">
<attrib name="value" value="545"/></item>
<item name="D5" rev="4">
<attrib name="value" value="563"/></item>
<item name="D6" rev="4">
<attrib name="value" value="595"/></item>
<item name="DMUX" rev="4">
<attrib name="value" value="235"/></item>
<item name="DQ" rev="4">
<attrib name="value" value="194"/></item>
<item name="DX" rev="4">
<attrib name="value" value="45"/></item>
<item name="SR" rev="4">
<attrib name="value" value="291"/></item>
</group>
<group name="IOB_OUTBUF">
<item name="IN" rev="4">
<attrib name="value" value="5"/></item>
<item name="OUT" rev="4">
<attrib name="value" value="5"/></item>
</group>
<group name="BUFG_BUFG">
<item name="I0" rev="4">
<attrib name="value" value="6"/></item>
<item name="O" rev="4">
<attrib name="value" value="6"/></item>
</group>
<group name="IOB_INBUF_EN">
<item name="INTERMDISABLE" rev="4">
<attrib name="value" value="22"/></item>
<item name="OUT" rev="4">
<attrib name="value" value="22"/></item>
<item name="PAD" rev="4">
<attrib name="value" value="22"/></item>
</group>
<group name="PAD">
<item name="PAD" rev="4">
<attrib name="value" value="50"/></item>
</group>
<group name="CARRY4">
<item name="CIN" rev="4">
<attrib name="value" value="58"/></item>
<item name="CO0" rev="4">
<attrib name="value" value="3"/></item>
<item name="CO1" rev="4">
<attrib name="value" value="3"/></item>
<item name="CO2" rev="4">
<attrib name="value" value="2"/></item>
<item name="CO3" rev="4">
<attrib name="value" value="58"/></item>
<item name="CYINIT" rev="4">
<attrib name="value" value="13"/></item>
<item name="DI0" rev="4">
<attrib name="value" value="65"/></item>
<item name="DI1" rev="4">
<attrib name="value" value="65"/></item>
<item name="DI2" rev="4">
<attrib name="value" value="64"/></item>
<item name="DI3" rev="4">
<attrib name="value" value="56"/></item>
<item name="O0" rev="4">
<attrib name="value" value="60"/></item>
<item name="O1" rev="4">
<attrib name="value" value="57"/></item>
<item name="O2" rev="4">
<attrib name="value" value="57"/></item>
<item name="O3" rev="4">
<attrib name="value" value="56"/></item>
<item name="S0" rev="4">
<attrib name="value" value="71"/></item>
<item name="S1" rev="4">
<attrib name="value" value="67"/></item>
<item name="S2" rev="4">
<attrib name="value" value="65"/></item>
<item name="S3" rev="4">
<attrib name="value" value="62"/></item>
</group>
<group name="LUT5">
<item name="A1" rev="4">
<attrib name="value" value="566"/></item>
<item name="A2" rev="4">
<attrib name="value" value="653"/></item>
<item name="A3" rev="4">
<attrib name="value" value="419"/></item>
<item name="A4" rev="4">
<attrib name="value" value="161"/></item>
<item name="A5" rev="4">
<attrib name="value" value="347"/></item>
<item name="O5" rev="4">
<attrib name="value" value="804"/></item>
</group>
<group name="LUT6">
<item name="A1" rev="4">
<attrib name="value" value="1074"/></item>
<item name="A2" rev="4">
<attrib name="value" value="1466"/></item>
<item name="A3" rev="4">
<attrib name="value" value="2280"/></item>
<item name="A4" rev="4">
<attrib name="value" value="2410"/></item>
<item name="A5" rev="4">
<attrib name="value" value="2480"/></item>
<item name="A6" rev="4">
<attrib name="value" value="2607"/></item>
<item name="O6" rev="4">
<attrib name="value" value="2625"/></item>
</group>
<group name="IOB33">
<item name="O" rev="4">
<attrib name="value" value="23"/></item>
<item name="PAD" rev="4">
<attrib name="value" value="23"/></item>
</group>
<group name="SELMUX2_1">
<item name="0" rev="4">
<attrib name="value" value="67"/></item>
<item name="1" rev="4">
<attrib name="value" value="67"/></item>
<item name="OUT" rev="4">
<attrib name="value" value="67"/></item>
<item name="S0" rev="4">
<attrib name="value" value="67"/></item>
</group>
<group name="IOB">
<item name="I" rev="4">
<attrib name="value" value="22"/></item>
<item name="O" rev="4">
<attrib name="value" value="5"/></item>
<item name="PAD" rev="4">
<attrib name="value" value="27"/></item>
</group>
<group name="FF_INIT">
<item name="CE" rev="4">
<attrib name="value" value="500"/></item>
<item name="CK" rev="4">
<attrib name="value" value="508"/></item>
<item name="D" rev="4">
<attrib name="value" value="508"/></item>
<item name="Q" rev="4">
<attrib name="value" value="508"/></item>
<item name="SR" rev="4">
<attrib name="value" value="504"/></item>
</group>
<group name="RAMB36E1">
<item name="ADDRARDADDRL0" rev="4">
<attrib name="value" value="1"/></item>
<item name="ADDRARDADDRL1" rev="4">
<attrib name="value" value="1"/></item>
<item name="ADDRARDADDRL10" rev="4">
<attrib name="value" value="1"/></item>
<item name="ADDRARDADDRL11" rev="4">
<attrib name="value" value="1"/></item>
<item name="ADDRARDADDRL12" rev="4">
<attrib name="value" value="1"/></item>
<item name="ADDRARDADDRL13" rev="4">
<attrib name="value" value="1"/></item>
<item name="ADDRARDADDRL14" rev="4">
<attrib name="value" value="1"/></item>
<item name="ADDRARDADDRL15" rev="4">
<attrib name="value" value="1"/></item>
<item name="ADDRARDADDRL2" rev="4">
<attrib name="value" value="1"/></item>
<item name="ADDRARDADDRL3" rev="4">
<attrib name="value" value="1"/></item>
<item name="ADDRARDADDRL4" rev="4">
<attrib name="value" value="1"/></item>
<item name="ADDRARDADDRL5" rev="4">
<attrib name="value" value="1"/></item>
<item name="ADDRARDADDRL6" rev="4">
<attrib name="value" value="1"/></item>
<item name="ADDRARDADDRL7" rev="4">
<attrib name="value" value="1"/></item>
<item name="ADDRARDADDRL8" rev="4">
<attrib name="value" value="1"/></item>
<item name="ADDRARDADDRL9" rev="4">
<attrib name="value" value="1"/></item>
<item name="ADDRARDADDRU0" rev="4">
<attrib name="value" value="1"/></item>
<item name="ADDRARDADDRU1" rev="4">
<attrib name="value" value="1"/></item>
<item name="ADDRARDADDRU10" rev="4">
<attrib name="value" value="1"/></item>
<item name="ADDRARDADDRU11" rev="4">
<attrib name="value" value="1"/></item>
<item name="ADDRARDADDRU12" rev="4">
<attrib name="value" value="1"/></item>
<item name="ADDRARDADDRU13" rev="4">
<attrib name="value" value="1"/></item>
<item name="ADDRARDADDRU14" rev="4">
<attrib name="value" value="1"/></item>
<item name="ADDRARDADDRU2" rev="4">
<attrib name="value" value="1"/></item>
<item name="ADDRARDADDRU3" rev="4">
<attrib name="value" value="1"/></item>
<item name="ADDRARDADDRU4" rev="4">
<attrib name="value" value="1"/></item>
<item name="ADDRARDADDRU5" rev="4">
<attrib name="value" value="1"/></item>
<item name="ADDRARDADDRU6" rev="4">
<attrib name="value" value="1"/></item>
<item name="ADDRARDADDRU7" rev="4">
<attrib name="value" value="1"/></item>
<item name="ADDRARDADDRU8" rev="4">
<attrib name="value" value="1"/></item>
<item name="ADDRARDADDRU9" rev="4">
<attrib name="value" value="1"/></item>
<item name="ADDRBWRADDRL0" rev="4">
<attrib name="value" value="1"/></item>
<item name="ADDRBWRADDRL1" rev="4">
<attrib name="value" value="1"/></item>
<item name="ADDRBWRADDRL10" rev="4">
<attrib name="value" value="1"/></item>
<item name="ADDRBWRADDRL11" rev="4">
<attrib name="value" value="1"/></item>
<item name="ADDRBWRADDRL12" rev="4">
<attrib name="value" value="1"/></item>
<item name="ADDRBWRADDRL13" rev="4">
<attrib name="value" value="1"/></item>
<item name="ADDRBWRADDRL14" rev="4">
<attrib name="value" value="1"/></item>
<item name="ADDRBWRADDRL15" rev="4">
<attrib name="value" value="1"/></item>
<item name="ADDRBWRADDRL2" rev="4">
<attrib name="value" value="1"/></item>
<item name="ADDRBWRADDRL3" rev="4">
<attrib name="value" value="1"/></item>
<item name="ADDRBWRADDRL4" rev="4">
<attrib name="value" value="1"/></item>
<item name="ADDRBWRADDRL5" rev="4">
<attrib name="value" value="1"/></item>
<item name="ADDRBWRADDRL6" rev="4">
<attrib name="value" value="1"/></item>
<item name="ADDRBWRADDRL7" rev="4">
<attrib name="value" value="1"/></item>
<item name="ADDRBWRADDRL8" rev="4">
<attrib name="value" value="1"/></item>
<item name="ADDRBWRADDRL9" rev="4">
<attrib name="value" value="1"/></item>
<item name="ADDRBWRADDRU0" rev="4">
<attrib name="value" value="1"/></item>
<item name="ADDRBWRADDRU1" rev="4">
<attrib name="value" value="1"/></item>
<item name="ADDRBWRADDRU10" rev="4">
<attrib name="value" value="1"/></item>
<item name="ADDRBWRADDRU11" rev="4">
<attrib name="value" value="1"/></item>
<item name="ADDRBWRADDRU12" rev="4">
<attrib name="value" value="1"/></item>
<item name="ADDRBWRADDRU13" rev="4">
<attrib name="value" value="1"/></item>
<item name="ADDRBWRADDRU14" rev="4">
<attrib name="value" value="1"/></item>
<item name="ADDRBWRADDRU2" rev="4">
<attrib name="value" value="1"/></item>
<item name="ADDRBWRADDRU3" rev="4">
<attrib name="value" value="1"/></item>
<item name="ADDRBWRADDRU4" rev="4">
<attrib name="value" value="1"/></item>
<item name="ADDRBWRADDRU5" rev="4">
<attrib name="value" value="1"/></item>
<item name="ADDRBWRADDRU6" rev="4">
<attrib name="value" value="1"/></item>
<item name="ADDRBWRADDRU7" rev="4">
<attrib name="value" value="1"/></item>
<item name="ADDRBWRADDRU8" rev="4">
<attrib name="value" value="1"/></item>
<item name="ADDRBWRADDRU9" rev="4">
<attrib name="value" value="1"/></item>
<item name="CLKARDCLKL" rev="4">
<attrib name="value" value="1"/></item>
<item name="CLKARDCLKU" rev="4">
<attrib name="value" value="1"/></item>
<item name="CLKBWRCLKL" rev="4">
<attrib name="value" value="1"/></item>
<item name="CLKBWRCLKU" rev="4">
<attrib name="value" value="1"/></item>
<item name="DIADI0" rev="4">
<attrib name="value" value="1"/></item>
<item name="DIADI1" rev="4">
<attrib name="value" value="1"/></item>
<item name="DIADI10" rev="4">
<attrib name="value" value="1"/></item>
<item name="DIADI11" rev="4">
<attrib name="value" value="1"/></item>
<item name="DIADI12" rev="4">
<attrib name="value" value="1"/></item>
<item name="DIADI13" rev="4">
<attrib name="value" value="1"/></item>
<item name="DIADI14" rev="4">
<attrib name="value" value="1"/></item>
<item name="DIADI15" rev="4">
<attrib name="value" value="1"/></item>
<item name="DIADI16" rev="4">
<attrib name="value" value="1"/></item>
<item name="DIADI17" rev="4">
<attrib name="value" value="1"/></item>
<item name="DIADI18" rev="4">
<attrib name="value" value="1"/></item>
<item name="DIADI19" rev="4">
<attrib name="value" value="1"/></item>
<item name="DIADI2" rev="4">
<attrib name="value" value="1"/></item>
<item name="DIADI20" rev="4">
<attrib name="value" value="1"/></item>
<item name="DIADI21" rev="4">
<attrib name="value" value="1"/></item>
<item name="DIADI22" rev="4">
<attrib name="value" value="1"/></item>
<item name="DIADI23" rev="4">
<attrib name="value" value="1"/></item>
<item name="DIADI24" rev="4">
<attrib name="value" value="1"/></item>
<item name="DIADI25" rev="4">
<attrib name="value" value="1"/></item>
<item name="DIADI26" rev="4">
<attrib name="value" value="1"/></item>
<item name="DIADI27" rev="4">
<attrib name="value" value="1"/></item>
<item name="DIADI28" rev="4">
<attrib name="value" value="1"/></item>
<item name="DIADI29" rev="4">
<attrib name="value" value="1"/></item>
<item name="DIADI3" rev="4">
<attrib name="value" value="1"/></item>
<item name="DIADI30" rev="4">
<attrib name="value" value="1"/></item>
<item name="DIADI31" rev="4">
<attrib name="value" value="1"/></item>
<item name="DIADI4" rev="4">
<attrib name="value" value="1"/></item>
<item name="DIADI5" rev="4">
<attrib name="value" value="1"/></item>
<item name="DIADI6" rev="4">
<attrib name="value" value="1"/></item>
<item name="DIADI7" rev="4">
<attrib name="value" value="1"/></item>
<item name="DIADI8" rev="4">
<attrib name="value" value="1"/></item>
<item name="DIADI9" rev="4">
<attrib name="value" value="1"/></item>
<item name="DIBDI0" rev="4">
<attrib name="value" value="1"/></item>
<item name="DIBDI1" rev="4">
<attrib name="value" value="1"/></item>
<item name="DIBDI10" rev="4">
<attrib name="value" value="1"/></item>
<item name="DIBDI11" rev="4">
<attrib name="value" value="1"/></item>
<item name="DIBDI12" rev="4">
<attrib name="value" value="1"/></item>
<item name="DIBDI13" rev="4">
<attrib name="value" value="1"/></item>
<item name="DIBDI14" rev="4">
<attrib name="value" value="1"/></item>
<item name="DIBDI15" rev="4">
<attrib name="value" value="1"/></item>
<item name="DIBDI16" rev="4">
<attrib name="value" value="1"/></item>
<item name="DIBDI17" rev="4">
<attrib name="value" value="1"/></item>
<item name="DIBDI18" rev="4">
<attrib name="value" value="1"/></item>
<item name="DIBDI19" rev="4">
<attrib name="value" value="1"/></item>
<item name="DIBDI2" rev="4">
<attrib name="value" value="1"/></item>
<item name="DIBDI20" rev="4">
<attrib name="value" value="1"/></item>
<item name="DIBDI21" rev="4">
<attrib name="value" value="1"/></item>
<item name="DIBDI22" rev="4">
<attrib name="value" value="1"/></item>
<item name="DIBDI23" rev="4">
<attrib name="value" value="1"/></item>
<item name="DIBDI24" rev="4">
<attrib name="value" value="1"/></item>
<item name="DIBDI25" rev="4">
<attrib name="value" value="1"/></item>
<item name="DIBDI26" rev="4">
<attrib name="value" value="1"/></item>
<item name="DIBDI27" rev="4">
<attrib name="value" value="1"/></item>
<item name="DIBDI28" rev="4">
<attrib name="value" value="1"/></item>
<item name="DIBDI29" rev="4">
<attrib name="value" value="1"/></item>
<item name="DIBDI3" rev="4">
<attrib name="value" value="1"/></item>
<item name="DIBDI30" rev="4">
<attrib name="value" value="1"/></item>
<item name="DIBDI31" rev="4">
<attrib name="value" value="1"/></item>
<item name="DIBDI4" rev="4">
<attrib name="value" value="1"/></item>
<item name="DIBDI5" rev="4">
<attrib name="value" value="1"/></item>
<item name="DIBDI6" rev="4">
<attrib name="value" value="1"/></item>
<item name="DIBDI7" rev="4">
<attrib name="value" value="1"/></item>
<item name="DIBDI8" rev="4">
<attrib name="value" value="1"/></item>
<item name="DIBDI9" rev="4">
<attrib name="value" value="1"/></item>
<item name="DIPADIP0" rev="4">
<attrib name="value" value="1"/></item>
<item name="DIPADIP1" rev="4">
<attrib name="value" value="1"/></item>
<item name="DIPADIP2" rev="4">
<attrib name="value" value="1"/></item>
<item name="DIPADIP3" rev="4">
<attrib name="value" value="1"/></item>
<item name="DIPBDIP0" rev="4">
<attrib name="value" value="1"/></item>
<item name="DIPBDIP1" rev="4">
<attrib name="value" value="1"/></item>
<item name="DIPBDIP2" rev="4">
<attrib name="value" value="1"/></item>
<item name="DIPBDIP3" rev="4">
<attrib name="value" value="1"/></item>
<item name="DOADO0" rev="4">
<attrib name="value" value="1"/></item>
<item name="DOADO1" rev="4">
<attrib name="value" value="1"/></item>
<item name="DOADO10" rev="4">
<attrib name="value" value="1"/></item>
<item name="DOADO11" rev="4">
<attrib name="value" value="1"/></item>
<item name="DOADO12" rev="4">
<attrib name="value" value="1"/></item>
<item name="DOADO13" rev="4">
<attrib name="value" value="1"/></item>
<item name="DOADO14" rev="4">
<attrib name="value" value="1"/></item>
<item name="DOADO15" rev="4">
<attrib name="value" value="1"/></item>
<item name="DOADO16" rev="4">
<attrib name="value" value="1"/></item>
<item name="DOADO17" rev="4">
<attrib name="value" value="1"/></item>
<item name="DOADO18" rev="4">
<attrib name="value" value="1"/></item>
<item name="DOADO19" rev="4">
<attrib name="value" value="1"/></item>
<item name="DOADO2" rev="4">
<attrib name="value" value="1"/></item>
<item name="DOADO20" rev="4">
<attrib name="value" value="1"/></item>
<item name="DOADO21" rev="4">
<attrib name="value" value="1"/></item>
<item name="DOADO22" rev="4">
<attrib name="value" value="1"/></item>
<item name="DOADO23" rev="4">
<attrib name="value" value="1"/></item>
<item name="DOADO24" rev="4">
<attrib name="value" value="1"/></item>
<item name="DOADO25" rev="4">
<attrib name="value" value="1"/></item>
<item name="DOADO26" rev="4">
<attrib name="value" value="1"/></item>
<item name="DOADO27" rev="4">
<attrib name="value" value="1"/></item>
<item name="DOADO28" rev="4">
<attrib name="value" value="1"/></item>
<item name="DOADO29" rev="4">
<attrib name="value" value="1"/></item>
<item name="DOADO3" rev="4">
<attrib name="value" value="1"/></item>
<item name="DOADO30" rev="4">
<attrib name="value" value="1"/></item>
<item name="DOADO31" rev="4">
<attrib name="value" value="1"/></item>
<item name="DOADO4" rev="4">
<attrib name="value" value="1"/></item>
<item name="DOADO5" rev="4">
<attrib name="value" value="1"/></item>
<item name="DOADO6" rev="4">
<attrib name="value" value="1"/></item>
<item name="DOADO7" rev="4">
<attrib name="value" value="1"/></item>
<item name="DOADO8" rev="4">
<attrib name="value" value="1"/></item>
<item name="DOADO9" rev="4">
<attrib name="value" value="1"/></item>
<item name="ENARDENL" rev="4">
<attrib name="value" value="1"/></item>
<item name="ENARDENU" rev="4">
<attrib name="value" value="1"/></item>
<item name="ENBWRENL" rev="4">
<attrib name="value" value="1"/></item>
<item name="ENBWRENU" rev="4">
<attrib name="value" value="1"/></item>
<item name="INJECTDBITERR" rev="4">
<attrib name="value" value="1"/></item>
<item name="INJECTSBITERR" rev="4">
<attrib name="value" value="1"/></item>
<item name="REGCEAREGCEL" rev="4">
<attrib name="value" value="1"/></item>
<item name="REGCEAREGCEU" rev="4">
<attrib name="value" value="1"/></item>
<item name="REGCEBL" rev="4">
<attrib name="value" value="1"/></item>
<item name="REGCEBU" rev="4">
<attrib name="value" value="1"/></item>
<item name="REGCLKARDRCLKL" rev="4">
<attrib name="value" value="1"/></item>
<item name="REGCLKARDRCLKU" rev="4">
<attrib name="value" value="1"/></item>
<item name="REGCLKBL" rev="4">
<attrib name="value" value="1"/></item>
<item name="REGCLKBU" rev="4">
<attrib name="value" value="1"/></item>
<item name="RSTRAMARSTRAML" rev="4">
<attrib name="value" value="1"/></item>
<item name="RSTRAMARSTRAMU" rev="4">
<attrib name="value" value="1"/></item>
<item name="RSTRAMBL" rev="4">
<attrib name="value" value="1"/></item>
<item name="RSTRAMBU" rev="4">
<attrib name="value" value="1"/></item>
<item name="RSTREGARSTREGL" rev="4">
<attrib name="value" value="1"/></item>
<item name="RSTREGARSTREGU" rev="4">
<attrib name="value" value="1"/></item>
<item name="RSTREGBL" rev="4">
<attrib name="value" value="1"/></item>
<item name="RSTREGBU" rev="4">
<attrib name="value" value="1"/></item>
<item name="WEAL0" rev="4">
<attrib name="value" value="1"/></item>
<item name="WEAL1" rev="4">
<attrib name="value" value="1"/></item>
<item name="WEAL2" rev="4">
<attrib name="value" value="1"/></item>
<item name="WEAL3" rev="4">
<attrib name="value" value="1"/></item>
<item name="WEAU0" rev="4">
<attrib name="value" value="1"/></item>
<item name="WEAU1" rev="4">
<attrib name="value" value="1"/></item>
<item name="WEAU2" rev="4">
<attrib name="value" value="1"/></item>
<item name="WEAU3" rev="4">
<attrib name="value" value="1"/></item>
<item name="WEBWEL0" rev="4">
<attrib name="value" value="1"/></item>
<item name="WEBWEL1" rev="4">
<attrib name="value" value="1"/></item>
<item name="WEBWEL2" rev="4">
<attrib name="value" value="1"/></item>
<item name="WEBWEL3" rev="4">
<attrib name="value" value="1"/></item>
<item name="WEBWEL4" rev="4">
<attrib name="value" value="1"/></item>
<item name="WEBWEL5" rev="4">
<attrib name="value" value="1"/></item>
<item name="WEBWEL6" rev="4">
<attrib name="value" value="1"/></item>
<item name="WEBWEL7" rev="4">
<attrib name="value" value="1"/></item>
<item name="WEBWEU0" rev="4">
<attrib name="value" value="1"/></item>
<item name="WEBWEU1" rev="4">
<attrib name="value" value="1"/></item>
<item name="WEBWEU2" rev="4">
<attrib name="value" value="1"/></item>
<item name="WEBWEU3" rev="4">
<attrib name="value" value="1"/></item>
<item name="WEBWEU4" rev="4">
<attrib name="value" value="1"/></item>
<item name="WEBWEU5" rev="4">
<attrib name="value" value="1"/></item>
<item name="WEBWEU6" rev="4">
<attrib name="value" value="1"/></item>
<item name="WEBWEU7" rev="4">
<attrib name="value" value="1"/></item>
</group>
<group name="HARD0">
<item name="0" rev="4">
<attrib name="value" value="31"/></item>
</group>
<group name="HARD1">
<item name="1" rev="4">
<attrib name="value" value="3"/></item>
</group>
<group name="BUFG">
<item name="I0" rev="4">
<attrib name="value" value="6"/></item>
<item name="O" rev="4">
<attrib name="value" value="6"/></item>
</group>
<group name="RAMB36E1_RAMB36E1">
<item name="ADDRARDADDRL0" rev="4">
<attrib name="value" value="1"/></item>
<item name="ADDRARDADDRL1" rev="4">
<attrib name="value" value="1"/></item>
<item name="ADDRARDADDRL10" rev="4">
<attrib name="value" value="1"/></item>
<item name="ADDRARDADDRL11" rev="4">
<attrib name="value" value="1"/></item>
<item name="ADDRARDADDRL12" rev="4">
<attrib name="value" value="1"/></item>
<item name="ADDRARDADDRL13" rev="4">
<attrib name="value" value="1"/></item>
<item name="ADDRARDADDRL14" rev="4">
<attrib name="value" value="1"/></item>
<item name="ADDRARDADDRL15" rev="4">
<attrib name="value" value="1"/></item>
<item name="ADDRARDADDRL2" rev="4">
<attrib name="value" value="1"/></item>
<item name="ADDRARDADDRL3" rev="4">
<attrib name="value" value="1"/></item>
<item name="ADDRARDADDRL4" rev="4">
<attrib name="value" value="1"/></item>
<item name="ADDRARDADDRL5" rev="4">
<attrib name="value" value="1"/></item>
<item name="ADDRARDADDRL6" rev="4">
<attrib name="value" value="1"/></item>
<item name="ADDRARDADDRL7" rev="4">
<attrib name="value" value="1"/></item>
<item name="ADDRARDADDRL8" rev="4">
<attrib name="value" value="1"/></item>
<item name="ADDRARDADDRL9" rev="4">
<attrib name="value" value="1"/></item>
<item name="ADDRARDADDRU0" rev="4">
<attrib name="value" value="1"/></item>
<item name="ADDRARDADDRU1" rev="4">
<attrib name="value" value="1"/></item>
<item name="ADDRARDADDRU10" rev="4">
<attrib name="value" value="1"/></item>
<item name="ADDRARDADDRU11" rev="4">
<attrib name="value" value="1"/></item>
<item name="ADDRARDADDRU12" rev="4">
<attrib name="value" value="1"/></item>
<item name="ADDRARDADDRU13" rev="4">
<attrib name="value" value="1"/></item>
<item name="ADDRARDADDRU14" rev="4">
<attrib name="value" value="1"/></item>
<item name="ADDRARDADDRU2" rev="4">
<attrib name="value" value="1"/></item>
<item name="ADDRARDADDRU3" rev="4">
<attrib name="value" value="1"/></item>
<item name="ADDRARDADDRU4" rev="4">
<attrib name="value" value="1"/></item>
<item name="ADDRARDADDRU5" rev="4">
<attrib name="value" value="1"/></item>
<item name="ADDRARDADDRU6" rev="4">
<attrib name="value" value="1"/></item>
<item name="ADDRARDADDRU7" rev="4">
<attrib name="value" value="1"/></item>
<item name="ADDRARDADDRU8" rev="4">
<attrib name="value" value="1"/></item>
<item name="ADDRARDADDRU9" rev="4">
<attrib name="value" value="1"/></item>
<item name="ADDRBWRADDRL0" rev="4">
<attrib name="value" value="1"/></item>
<item name="ADDRBWRADDRL1" rev="4">
<attrib name="value" value="1"/></item>
<item name="ADDRBWRADDRL10" rev="4">
<attrib name="value" value="1"/></item>
<item name="ADDRBWRADDRL11" rev="4">
<attrib name="value" value="1"/></item>
<item name="ADDRBWRADDRL12" rev="4">
<attrib name="value" value="1"/></item>
<item name="ADDRBWRADDRL13" rev="4">
<attrib name="value" value="1"/></item>
<item name="ADDRBWRADDRL14" rev="4">
<attrib name="value" value="1"/></item>
<item name="ADDRBWRADDRL15" rev="4">
<attrib name="value" value="1"/></item>
<item name="ADDRBWRADDRL2" rev="4">
<attrib name="value" value="1"/></item>
<item name="ADDRBWRADDRL3" rev="4">
<attrib name="value" value="1"/></item>
<item name="ADDRBWRADDRL4" rev="4">
<attrib name="value" value="1"/></item>
<item name="ADDRBWRADDRL5" rev="4">
<attrib name="value" value="1"/></item>
<item name="ADDRBWRADDRL6" rev="4">
<attrib name="value" value="1"/></item>
<item name="ADDRBWRADDRL7" rev="4">
<attrib name="value" value="1"/></item>
<item name="ADDRBWRADDRL8" rev="4">
<attrib name="value" value="1"/></item>
<item name="ADDRBWRADDRL9" rev="4">
<attrib name="value" value="1"/></item>
<item name="ADDRBWRADDRU0" rev="4">
<attrib name="value" value="1"/></item>
<item name="ADDRBWRADDRU1" rev="4">
<attrib name="value" value="1"/></item>
<item name="ADDRBWRADDRU10" rev="4">
<attrib name="value" value="1"/></item>
<item name="ADDRBWRADDRU11" rev="4">
<attrib name="value" value="1"/></item>
<item name="ADDRBWRADDRU12" rev="4">
<attrib name="value" value="1"/></item>
<item name="ADDRBWRADDRU13" rev="4">
<attrib name="value" value="1"/></item>
<item name="ADDRBWRADDRU14" rev="4">
<attrib name="value" value="1"/></item>
<item name="ADDRBWRADDRU2" rev="4">
<attrib name="value" value="1"/></item>
<item name="ADDRBWRADDRU3" rev="4">
<attrib name="value" value="1"/></item>
<item name="ADDRBWRADDRU4" rev="4">
<attrib name="value" value="1"/></item>
<item name="ADDRBWRADDRU5" rev="4">
<attrib name="value" value="1"/></item>
<item name="ADDRBWRADDRU6" rev="4">
<attrib name="value" value="1"/></item>
<item name="ADDRBWRADDRU7" rev="4">
<attrib name="value" value="1"/></item>
<item name="ADDRBWRADDRU8" rev="4">
<attrib name="value" value="1"/></item>
<item name="ADDRBWRADDRU9" rev="4">
<attrib name="value" value="1"/></item>
<item name="CLKARDCLKL" rev="4">
<attrib name="value" value="1"/></item>
<item name="CLKARDCLKU" rev="4">
<attrib name="value" value="1"/></item>
<item name="CLKBWRCLKL" rev="4">
<attrib name="value" value="1"/></item>
<item name="CLKBWRCLKU" rev="4">
<attrib name="value" value="1"/></item>
<item name="DIADI0" rev="4">
<attrib name="value" value="1"/></item>
<item name="DIADI1" rev="4">
<attrib name="value" value="1"/></item>
<item name="DIADI10" rev="4">
<attrib name="value" value="1"/></item>
<item name="DIADI11" rev="4">
<attrib name="value" value="1"/></item>
<item name="DIADI12" rev="4">
<attrib name="value" value="1"/></item>
<item name="DIADI13" rev="4">
<attrib name="value" value="1"/></item>
<item name="DIADI14" rev="4">
<attrib name="value" value="1"/></item>
<item name="DIADI15" rev="4">
<attrib name="value" value="1"/></item>
<item name="DIADI16" rev="4">
<attrib name="value" value="1"/></item>
<item name="DIADI17" rev="4">
<attrib name="value" value="1"/></item>
<item name="DIADI18" rev="4">
<attrib name="value" value="1"/></item>
<item name="DIADI19" rev="4">
<attrib name="value" value="1"/></item>
<item name="DIADI2" rev="4">
<attrib name="value" value="1"/></item>
<item name="DIADI20" rev="4">
<attrib name="value" value="1"/></item>
<item name="DIADI21" rev="4">
<attrib name="value" value="1"/></item>
<item name="DIADI22" rev="4">
<attrib name="value" value="1"/></item>
<item name="DIADI23" rev="4">
<attrib name="value" value="1"/></item>
<item name="DIADI24" rev="4">
<attrib name="value" value="1"/></item>
<item name="DIADI25" rev="4">
<attrib name="value" value="1"/></item>
<item name="DIADI26" rev="4">
<attrib name="value" value="1"/></item>
<item name="DIADI27" rev="4">
<attrib name="value" value="1"/></item>
<item name="DIADI28" rev="4">
<attrib name="value" value="1"/></item>
<item name="DIADI29" rev="4">
<attrib name="value" value="1"/></item>
<item name="DIADI3" rev="4">
<attrib name="value" value="1"/></item>
<item name="DIADI30" rev="4">
<attrib name="value" value="1"/></item>
<item name="DIADI31" rev="4">
<attrib name="value" value="1"/></item>
<item name="DIADI4" rev="4">
<attrib name="value" value="1"/></item>
<item name="DIADI5" rev="4">
<attrib name="value" value="1"/></item>
<item name="DIADI6" rev="4">
<attrib name="value" value="1"/></item>
<item name="DIADI7" rev="4">
<attrib name="value" value="1"/></item>
<item name="DIADI8" rev="4">
<attrib name="value" value="1"/></item>
<item name="DIADI9" rev="4">
<attrib name="value" value="1"/></item>
<item name="DIBDI0" rev="4">
<attrib name="value" value="1"/></item>
<item name="DIBDI1" rev="4">
<attrib name="value" value="1"/></item>
<item name="DIBDI10" rev="4">
<attrib name="value" value="1"/></item>
<item name="DIBDI11" rev="4">
<attrib name="value" value="1"/></item>
<item name="DIBDI12" rev="4">
<attrib name="value" value="1"/></item>
<item name="DIBDI13" rev="4">
<attrib name="value" value="1"/></item>
<item name="DIBDI14" rev="4">
<attrib name="value" value="1"/></item>
<item name="DIBDI15" rev="4">
<attrib name="value" value="1"/></item>
<item name="DIBDI16" rev="4">
<attrib name="value" value="1"/></item>
<item name="DIBDI17" rev="4">
<attrib name="value" value="1"/></item>
<item name="DIBDI18" rev="4">
<attrib name="value" value="1"/></item>
<item name="DIBDI19" rev="4">
<attrib name="value" value="1"/></item>
<item name="DIBDI2" rev="4">
<attrib name="value" value="1"/></item>
<item name="DIBDI20" rev="4">
<attrib name="value" value="1"/></item>
<item name="DIBDI21" rev="4">
<attrib name="value" value="1"/></item>
<item name="DIBDI22" rev="4">
<attrib name="value" value="1"/></item>
<item name="DIBDI23" rev="4">
<attrib name="value" value="1"/></item>
<item name="DIBDI24" rev="4">
<attrib name="value" value="1"/></item>
<item name="DIBDI25" rev="4">
<attrib name="value" value="1"/></item>
<item name="DIBDI26" rev="4">
<attrib name="value" value="1"/></item>
<item name="DIBDI27" rev="4">
<attrib name="value" value="1"/></item>
<item name="DIBDI28" rev="4">
<attrib name="value" value="1"/></item>
<item name="DIBDI29" rev="4">
<attrib name="value" value="1"/></item>
<item name="DIBDI3" rev="4">
<attrib name="value" value="1"/></item>
<item name="DIBDI30" rev="4">
<attrib name="value" value="1"/></item>
<item name="DIBDI31" rev="4">
<attrib name="value" value="1"/></item>
<item name="DIBDI4" rev="4">
<attrib name="value" value="1"/></item>
<item name="DIBDI5" rev="4">
<attrib name="value" value="1"/></item>
<item name="DIBDI6" rev="4">
<attrib name="value" value="1"/></item>
<item name="DIBDI7" rev="4">
<attrib name="value" value="1"/></item>
<item name="DIBDI8" rev="4">
<attrib name="value" value="1"/></item>
<item name="DIBDI9" rev="4">
<attrib name="value" value="1"/></item>
<item name="DIPADIP0" rev="4">
<attrib name="value" value="1"/></item>
<item name="DIPADIP1" rev="4">
<attrib name="value" value="1"/></item>
<item name="DIPADIP2" rev="4">
<attrib name="value" value="1"/></item>
<item name="DIPADIP3" rev="4">
<attrib name="value" value="1"/></item>
<item name="DIPBDIP0" rev="4">
<attrib name="value" value="1"/></item>
<item name="DIPBDIP1" rev="4">
<attrib name="value" value="1"/></item>
<item name="DIPBDIP2" rev="4">
<attrib name="value" value="1"/></item>
<item name="DIPBDIP3" rev="4">
<attrib name="value" value="1"/></item>
<item name="DOADO0" rev="4">
<attrib name="value" value="1"/></item>
<item name="DOADO1" rev="4">
<attrib name="value" value="1"/></item>
<item name="DOADO10" rev="4">
<attrib name="value" value="1"/></item>
<item name="DOADO11" rev="4">
<attrib name="value" value="1"/></item>
<item name="DOADO12" rev="4">
<attrib name="value" value="1"/></item>
<item name="DOADO13" rev="4">
<attrib name="value" value="1"/></item>
<item name="DOADO14" rev="4">
<attrib name="value" value="1"/></item>
<item name="DOADO15" rev="4">
<attrib name="value" value="1"/></item>
<item name="DOADO16" rev="4">
<attrib name="value" value="1"/></item>
<item name="DOADO17" rev="4">
<attrib name="value" value="1"/></item>
<item name="DOADO18" rev="4">
<attrib name="value" value="1"/></item>
<item name="DOADO19" rev="4">
<attrib name="value" value="1"/></item>
<item name="DOADO2" rev="4">
<attrib name="value" value="1"/></item>
<item name="DOADO20" rev="4">
<attrib name="value" value="1"/></item>
<item name="DOADO21" rev="4">
<attrib name="value" value="1"/></item>
<item name="DOADO22" rev="4">
<attrib name="value" value="1"/></item>
<item name="DOADO23" rev="4">
<attrib name="value" value="1"/></item>
<item name="DOADO24" rev="4">
<attrib name="value" value="1"/></item>
<item name="DOADO25" rev="4">
<attrib name="value" value="1"/></item>
<item name="DOADO26" rev="4">
<attrib name="value" value="1"/></item>
<item name="DOADO27" rev="4">
<attrib name="value" value="1"/></item>
<item name="DOADO28" rev="4">
<attrib name="value" value="1"/></item>
<item name="DOADO29" rev="4">
<attrib name="value" value="1"/></item>
<item name="DOADO3" rev="4">
<attrib name="value" value="1"/></item>
<item name="DOADO30" rev="4">
<attrib name="value" value="1"/></item>
<item name="DOADO31" rev="4">
<attrib name="value" value="1"/></item>
<item name="DOADO4" rev="4">
<attrib name="value" value="1"/></item>
<item name="DOADO5" rev="4">
<attrib name="value" value="1"/></item>
<item name="DOADO6" rev="4">
<attrib name="value" value="1"/></item>
<item name="DOADO7" rev="4">
<attrib name="value" value="1"/></item>
<item name="DOADO8" rev="4">
<attrib name="value" value="1"/></item>
<item name="DOADO9" rev="4">
<attrib name="value" value="1"/></item>
<item name="ENARDENL" rev="4">
<attrib name="value" value="1"/></item>
<item name="ENARDENU" rev="4">
<attrib name="value" value="1"/></item>
<item name="ENBWRENL" rev="4">
<attrib name="value" value="1"/></item>
<item name="ENBWRENU" rev="4">
<attrib name="value" value="1"/></item>
<item name="INJECTDBITERR" rev="4">
<attrib name="value" value="1"/></item>
<item name="INJECTSBITERR" rev="4">
<attrib name="value" value="1"/></item>
<item name="REGCEAREGCEL" rev="4">
<attrib name="value" value="1"/></item>
<item name="REGCEAREGCEU" rev="4">
<attrib name="value" value="1"/></item>
<item name="REGCEBL" rev="4">
<attrib name="value" value="1"/></item>
<item name="REGCEBU" rev="4">
<attrib name="value" value="1"/></item>
<item name="REGCLKARDRCLKL" rev="4">
<attrib name="value" value="1"/></item>
<item name="REGCLKARDRCLKU" rev="4">
<attrib name="value" value="1"/></item>
<item name="REGCLKBL" rev="4">
<attrib name="value" value="1"/></item>
<item name="REGCLKBU" rev="4">
<attrib name="value" value="1"/></item>
<item name="RSTRAMARSTRAML" rev="4">
<attrib name="value" value="1"/></item>
<item name="RSTRAMARSTRAMU" rev="4">
<attrib name="value" value="1"/></item>
<item name="RSTRAMBL" rev="4">
<attrib name="value" value="1"/></item>
<item name="RSTRAMBU" rev="4">
<attrib name="value" value="1"/></item>
<item name="RSTREGARSTREGL" rev="4">
<attrib name="value" value="1"/></item>
<item name="RSTREGARSTREGU" rev="4">
<attrib name="value" value="1"/></item>
<item name="RSTREGBL" rev="4">
<attrib name="value" value="1"/></item>
<item name="RSTREGBU" rev="4">
<attrib name="value" value="1"/></item>
<item name="WEAL0" rev="4">
<attrib name="value" value="1"/></item>
<item name="WEAL1" rev="4">
<attrib name="value" value="1"/></item>
<item name="WEAL2" rev="4">
<attrib name="value" value="1"/></item>
<item name="WEAL3" rev="4">
<attrib name="value" value="1"/></item>
<item name="WEAU0" rev="4">
<attrib name="value" value="1"/></item>
<item name="WEAU1" rev="4">
<attrib name="value" value="1"/></item>
<item name="WEAU2" rev="4">
<attrib name="value" value="1"/></item>
<item name="WEAU3" rev="4">
<attrib name="value" value="1"/></item>
<item name="WEBWEL0" rev="4">
<attrib name="value" value="1"/></item>
<item name="WEBWEL1" rev="4">
<attrib name="value" value="1"/></item>
<item name="WEBWEL2" rev="4">
<attrib name="value" value="1"/></item>
<item name="WEBWEL3" rev="4">
<attrib name="value" value="1"/></item>
<item name="WEBWEL4" rev="4">
<attrib name="value" value="1"/></item>
<item name="WEBWEL5" rev="4">
<attrib name="value" value="1"/></item>
<item name="WEBWEL6" rev="4">
<attrib name="value" value="1"/></item>
<item name="WEBWEL7" rev="4">
<attrib name="value" value="1"/></item>
<item name="WEBWEU0" rev="4">
<attrib name="value" value="1"/></item>
<item name="WEBWEU1" rev="4">
<attrib name="value" value="1"/></item>
<item name="WEBWEU2" rev="4">
<attrib name="value" value="1"/></item>
<item name="WEBWEU3" rev="4">
<attrib name="value" value="1"/></item>
<item name="WEBWEU4" rev="4">
<attrib name="value" value="1"/></item>
<item name="WEBWEU5" rev="4">
<attrib name="value" value="1"/></item>
<item name="WEBWEU6" rev="4">
<attrib name="value" value="1"/></item>
<item name="WEBWEU7" rev="4">
<attrib name="value" value="1"/></item>
</group>
</ReportPinData>
<CmdHistory>
</CmdHistory>
</DeviceUsageSummary>
